{
    "now": "2025-12-04T19:15:52.567Z",
    "perfNow": 9247578.400000006,
    "diagnosticCorrelation": "484aef03-d7a1-49d9-a762-352c3fde7112",
    "source": "DownloadSupportFiles",
    "environment": {
        "productName": "adf",
        "buildVersion": "1.0.112525.8",
        "environmentType": 3,
        "resourceName": "MyDF-new",
        "resourceRegion": "westus2",
        "resourceGroup": "MyNewResourceGroup",
        "subscriptionId": "111da0df-ae72-477e-90ba-4c0005a576f9",
        "sessionId": "AKrOaORygKVhaArKu3HQti",
        "operationId": "",
        "gitType": "live",
        "loggingKey": "5d1f450e-1776-4607-a872-34e23a498de9"
    },
    "additionalInfo": {
        "selectedResource": "car_sales_dataset_git",
        "selectedResourceType": "dataset"
    }
}