{
    "now": "2025-12-04T19:16:04.935Z",
    "perfNow": 9259946.599999994,
    "diagnosticCorrelation": "60af0b68-00bb-4c32-b081-5d07489557d8",
    "source": "DownloadSupportFiles",
    "environment": {
        "productName": "adf",
        "buildVersion": "1.0.112525.8",
        "environmentType": 3,
        "resourceName": "MyDF-new",
        "resourceRegion": "westus2",
        "resourceGroup": "MyNewResourceGroup",
        "subscriptionId": "111da0df-ae72-477e-90ba-4c0005a576f9",
        "sessionId": "AKrOaORygKVhaArKu3HQti",
        "operationId": "",
        "gitType": "live",
        "loggingKey": "5d1f450e-1776-4607-a872-34e23a498de9"
    },
    "additionalInfo": {
        "selectedResource": "car_sales_incremental_pipeline",
        "selectedResourceType": "pipeline"
    }
}