{
    "name": "car_sales_dataset_sql",
    "properties": {
        "linkedServiceName": {
            "referenceName": "car_sales_sql_sink",
            "type": "LinkedServiceReference"
        },
        "parameters": {
            "table_name": {
                "type": "string"
            }
        },
        "annotations": [],
        "type": "AzureSqlTable",
        "schema": [
            {
                "name": "Branch_ID",
                "type": "varchar"
            },
            {
                "name": "Dealer_ID",
                "type": "varchar"
            },
            {
                "name": "Model_ID",
                "type": "varchar"
            },
            {
                "name": "Revenue",
                "type": "bigint",
                "precision": 19
            },
            {
                "name": "Units_sold",
                "type": "bigint",
                "precision": 19
            },
            {
                "name": "Date_Id",
                "type": "varchar"
            },
            {
                "name": "Day",
                "type": "int",
                "precision": 10
            },
            {
                "name": "Month",
                "type": "int",
                "precision": 10
            },
            {
                "name": "Year",
                "type": "int",
                "precision": 10
            },
            {
                "name": "Branch_Name",
                "type": "varchar"
            },
            {
                "name": "Dealer_Name",
                "type": "varchar"
            }
        ],
        "typeProperties": {
            "schema": "dbo",
            "table": "watermark"
        }
    },
    "type": "Microsoft.DataFactory/factories/datasets"
}