{
    "name": "car_sales_dataset_git",
    "properties": {
        "linkedServiceName": {
            "referenceName": "car_sales_github_source",
            "type": "LinkedServiceReference"
        },
        "parameters": {
            "load_flag": {
                "type": "string"
            }
        },
        "annotations": [],
        "type": "DelimitedText",
        "typeProperties": {
            "location": {
                "type": "HttpServerLocation",
                "relativeUrl": {
                    "value": "Koushiksai2127/Car_sales-Azure-Data-Engineering-Project/refs/heads/main/@{dataset().load_flag}",
                    "type": "Expression"
                }
            },
            "columnDelimiter": ",",
            "escapeChar": "\\",
            "firstRowAsHeader": true,
            "quoteChar": "\""
        },
        "schema": []
    },
    "type": "Microsoft.DataFactory/factories/datasets"
}