{
    "name": "car_sales_dataset_adls",
    "properties": {
        "linkedServiceName": {
            "referenceName": "car_sales_adls",
            "type": "LinkedServiceReference"
        },
        "annotations": [],
        "type": "Parquet",
        "typeProperties": {
            "location": {
                "type": "AzureBlobFSLocation",
                "folderPath": "carsales_rawdata",
                "fileSystem": "bronze"
            },
            "compressionCodec": "snappy"
        },
        "schema": []
    },
    "type": "Microsoft.DataFactory/factories/datasets"
}