{
    "now": "2025-12-04T19:15:57.917Z",
    "perfNow": 9252928.599999994,
    "diagnosticCorrelation": "4a7fe95f-31f1-45be-af86-bf133af62af7",
    "source": "DownloadSupportFiles",
    "environment": {
        "productName": "adf",
        "buildVersion": "1.0.112525.8",
        "environmentType": 3,
        "resourceName": "MyDF-new",
        "resourceRegion": "westus2",
        "resourceGroup": "MyNewResourceGroup",
        "subscriptionId": "111da0df-ae72-477e-90ba-4c0005a576f9",
        "sessionId": "AKrOaORygKVhaArKu3HQti",
        "operationId": "",
        "gitType": "live",
        "loggingKey": "5d1f450e-1776-4607-a872-34e23a498de9"
    },
    "additionalInfo": {
        "selectedResource": "car_sales_dataset_sql",
        "selectedResourceType": "dataset"
    }
}