{
    "name": "AzureDatabricks",
    "type": "Microsoft.DataFactory/factories/linkedservices",
    "properties": {
        "annotations": [],
        "type": "AzureDatabricks",
        "typeProperties": {
            "domain": "https://adb-1289253599945393.13.azuredatabricks.net",
            "authentication": "MSI",
            "workspaceResourceId": "/subscriptions/111da0df-ae72-477e-90ba-4c0005a576f9/resourceGroups/MyNewResourceGroup/providers/Microsoft.Databricks/workspaces/MyNewDatabricks",
            "existingClusterId": "1129-104610-kjtvc59v"
        }
    }
}