{
    "name": "car_sales_incremental_pipeline",
    "properties": {
        "activities": [
            {
                "name": "Copy_incremental_data",
                "type": "Copy",
                "dependsOn": [
                    {
                        "activity": "last_Load_data",
                        "dependencyConditions": [
                            "Succeeded"
                        ]
                    },
                    {
                        "activity": "Current_load_in _sql",
                        "dependencyConditions": [
                            "Succeeded"
                        ]
                    }
                ],
                "policy": {
                    "timeout": "0.12:00:00",
                    "retry": 0,
                    "retryIntervalInSeconds": 30,
                    "secureOutput": false,
                    "secureInput": false
                },
                "userProperties": [],
                "typeProperties": {
                    "source": {
                        "type": "AzureSqlSource",
                        "sqlReaderQuery": {
                            "value": "select * from source_carsales_data where Date_Id > '@{activity('last_Load_data').output.value[0].last_load}' and Date_Id <= '@{activity('Current_load_in _sql').output.value[0].max_date}'",
                            "type": "Expression"
                        },
                        "queryTimeout": "02:00:00",
                        "partitionOption": "None"
                    },
                    "sink": {
                        "type": "ParquetSink",
                        "storeSettings": {
                            "type": "AzureBlobFSWriteSettings"
                        },
                        "formatSettings": {
                            "type": "ParquetWriteSettings"
                        }
                    },
                    "enableStaging": false,
                    "translator": {
                        "type": "TabularTranslator",
                        "mappings": [
                            {
                                "source": {
                                    "name": "Branch_ID",
                                    "type": "String",
                                    "physicalType": "String"
                                },
                                "sink": {
                                    "name": "Branch_ID",
                                    "type": "String",
                                    "physicalType": "varchar"
                                }
                            },
                            {
                                "source": {
                                    "name": "Dealer_ID",
                                    "type": "String",
                                    "physicalType": "String"
                                },
                                "sink": {
                                    "name": "Dealer_ID",
                                    "type": "String",
                                    "physicalType": "varchar"
                                }
                            },
                            {
                                "source": {
                                    "name": "Model_ID",
                                    "type": "String",
                                    "physicalType": "String"
                                },
                                "sink": {
                                    "name": "Model_ID",
                                    "type": "String",
                                    "physicalType": "varchar"
                                }
                            },
                            {
                                "source": {
                                    "name": "Revenue",
                                    "type": "String",
                                    "physicalType": "String"
                                },
                                "sink": {
                                    "name": "Revenue",
                                    "type": "Int64",
                                    "physicalType": "bigint"
                                }
                            },
                            {
                                "source": {
                                    "name": "Units_sold",
                                    "type": "bigint",
                                    "precision": 19
                                },
                                "sink": {
                                    "name": "Units_sold",
                                    "type": "Int64",
                                    "physicalType": "bigint"
                                }
                            },
                            {
                                "source": {
                                    "name": "Date_Id",
                                    "type": "varchar"
                                },
                                "sink": {
                                    "name": "Date_Id",
                                    "type": "String",
                                    "physicalType": "varchar"
                                }
                            },
                            {
                                "source": {
                                    "name": "Day",
                                    "type": "String",
                                    "physicalType": "String"
                                },
                                "sink": {
                                    "name": "Day",
                                    "type": "Int32",
                                    "physicalType": "int"
                                }
                            },
                            {
                                "source": {
                                    "name": "Month",
                                    "type": "String",
                                    "physicalType": "String"
                                },
                                "sink": {
                                    "name": "Month",
                                    "type": "Int32",
                                    "physicalType": "int"
                                }
                            },
                            {
                                "source": {
                                    "name": "Year",
                                    "type": "String",
                                    "physicalType": "String"
                                },
                                "sink": {
                                    "name": "Year",
                                    "type": "Int32",
                                    "physicalType": "int"
                                }
                            },
                            {
                                "source": {
                                    "name": "Branch_Name",
                                    "type": "varchar"
                                },
                                "sink": {
                                    "name": "Branch_Name",
                                    "type": "String",
                                    "physicalType": "varchar"
                                }
                            },
                            {
                                "source": {
                                    "name": "Dealer_Name",
                                    "type": "varchar"
                                },
                                "sink": {
                                    "name": "Dealer_Name",
                                    "type": "String",
                                    "physicalType": "varchar"
                                }
                            }
                        ],
                        "typeConversion": true,
                        "typeConversionSettings": {
                            "allowDataTruncation": true,
                            "treatBooleanAsNumber": false
                        }
                    }
                },
                "inputs": [
                    {
                        "referenceName": "car_sales_dataset_sql",
                        "type": "DatasetReference",
                        "parameters": {
                            "table_name": "source_carsales_data"
                        }
                    }
                ],
                "outputs": [
                    {
                        "referenceName": "car_sales_dataset_adls",
                        "type": "DatasetReference"
                    }
                ]
            },
            {
                "name": "last_Load_data",
                "type": "Lookup",
                "dependsOn": [],
                "policy": {
                    "timeout": "0.12:00:00",
                    "retry": 0,
                    "retryIntervalInSeconds": 30,
                    "secureOutput": false,
                    "secureInput": false
                },
                "userProperties": [],
                "typeProperties": {
                    "source": {
                        "type": "AzureSqlSource",
                        "sqlReaderQuery": "select * from watermark",
                        "queryTimeout": "02:00:00",
                        "partitionOption": "None"
                    },
                    "dataset": {
                        "referenceName": "car_sales_dataset_sql",
                        "type": "DatasetReference",
                        "parameters": {
                            "table_name": "watermark"
                        }
                    },
                    "firstRowOnly": false
                }
            },
            {
                "name": "Current_load_in _sql",
                "type": "Lookup",
                "dependsOn": [],
                "policy": {
                    "timeout": "0.12:00:00",
                    "retry": 0,
                    "retryIntervalInSeconds": 30,
                    "secureOutput": false,
                    "secureInput": false
                },
                "userProperties": [],
                "typeProperties": {
                    "source": {
                        "type": "AzureSqlSource",
                        "sqlReaderQuery": "select max(Date_Id) as max_date from source_carsales_data",
                        "queryTimeout": "02:00:00",
                        "partitionOption": "None"
                    },
                    "dataset": {
                        "referenceName": "car_sales_dataset_sql",
                        "type": "DatasetReference",
                        "parameters": {
                            "table_name": "source_carsales_data"
                        }
                    },
                    "firstRowOnly": false
                }
            },
            {
                "name": "update_watermark_table",
                "type": "SqlServerStoredProcedure",
                "dependsOn": [
                    {
                        "activity": "Copy_incremental_data",
                        "dependencyConditions": [
                            "Succeeded"
                        ]
                    }
                ],
                "policy": {
                    "timeout": "0.12:00:00",
                    "retry": 0,
                    "retryIntervalInSeconds": 30,
                    "secureOutput": false,
                    "secureInput": false
                },
                "userProperties": [],
                "typeProperties": {
                    "storedProcedureName": "[dbo].[updateWaterMarkTable]",
                    "storedProcedureParameters": {
                        "lastload": {
                            "value": {
                                "value": "@activity('Current_load_in _sql').output.value[0].max_date",
                                "type": "Expression"
                            },
                            "type": "String"
                        }
                    }
                },
                "linkedServiceName": {
                    "referenceName": "car_sales_sql_sink",
                    "type": "LinkedServiceReference"
                }
            },
            {
                "name": "Silver_Notebook",
                "type": "DatabricksNotebook",
                "dependsOn": [
                    {
                        "activity": "update_watermark_table",
                        "dependencyConditions": [
                            "Succeeded"
                        ]
                    }
                ],
                "policy": {
                    "timeout": "0.12:00:00",
                    "retry": 0,
                    "retryIntervalInSeconds": 30,
                    "secureOutput": false,
                    "secureInput": false
                },
                "userProperties": [],
                "typeProperties": {
                    "notebookPath": "/carsales_project/silver_notebook"
                },
                "linkedServiceName": {
                    "referenceName": "AzureDatabricks",
                    "type": "LinkedServiceReference"
                }
            },
            {
                "name": "Execute_Dimensions_pipeline",
                "type": "ExecutePipeline",
                "dependsOn": [
                    {
                        "activity": "Silver_Notebook",
                        "dependencyConditions": [
                            "Succeeded"
                        ]
                    }
                ],
                "policy": {
                    "secureInput": false
                },
                "userProperties": [],
                "typeProperties": {
                    "pipeline": {
                        "referenceName": "Dimensions_Notebook_pipeline",
                        "type": "PipelineReference"
                    },
                    "waitOnCompletion": true
                }
            },
            {
                "name": "Gold_factsales_notebook",
                "type": "DatabricksNotebook",
                "dependsOn": [
                    {
                        "activity": "Execute_Dimensions_pipeline",
                        "dependencyConditions": [
                            "Succeeded"
                        ]
                    }
                ],
                "policy": {
                    "timeout": "0.12:00:00",
                    "retry": 0,
                    "retryIntervalInSeconds": 30,
                    "secureOutput": false,
                    "secureInput": false
                },
                "userProperties": [],
                "typeProperties": {
                    "notebookPath": "/carsales_project/gold_fact_sales"
                },
                "linkedServiceName": {
                    "referenceName": "AzureDatabricks",
                    "type": "LinkedServiceReference"
                }
            }
        ],
        "annotations": [],
        "lastPublishTime": "2025-12-02T18:00:02Z"
    },
    "type": "Microsoft.DataFactory/factories/pipelines"
}