{
    "name": "Dimensions_Notebook_pipeline",
    "properties": {
        "activities": [
            {
                "name": "Dim_model",
                "type": "DatabricksNotebook",
                "dependsOn": [],
                "policy": {
                    "timeout": "0.12:00:00",
                    "retry": 0,
                    "retryIntervalInSeconds": 30,
                    "secureOutput": false,
                    "secureInput": false
                },
                "userProperties": [],
                "typeProperties": {
                    "notebookPath": "/carsales_project/gold_dim_model"
                },
                "linkedServiceName": {
                    "referenceName": "AzureDatabricks",
                    "type": "LinkedServiceReference"
                }
            },
            {
                "name": "Dim_branch",
                "type": "DatabricksNotebook",
                "dependsOn": [
                    {
                        "activity": "Dim_model",
                        "dependencyConditions": [
                            "Succeeded"
                        ]
                    }
                ],
                "policy": {
                    "timeout": "0.12:00:00",
                    "retry": 0,
                    "retryIntervalInSeconds": 30,
                    "secureOutput": false,
                    "secureInput": false
                },
                "userProperties": [],
                "typeProperties": {
                    "notebookPath": "/carsales_project/gold_dim_branch"
                },
                "linkedServiceName": {
                    "referenceName": "AzureDatabricks",
                    "type": "LinkedServiceReference"
                }
            },
            {
                "name": "Dim_dealer",
                "type": "DatabricksNotebook",
                "dependsOn": [
                    {
                        "activity": "Dim_branch",
                        "dependencyConditions": [
                            "Succeeded"
                        ]
                    }
                ],
                "policy": {
                    "timeout": "0.12:00:00",
                    "retry": 0,
                    "retryIntervalInSeconds": 30,
                    "secureOutput": false,
                    "secureInput": false
                },
                "userProperties": [],
                "typeProperties": {
                    "notebookPath": "/carsales_project/gold_dim_dealer"
                },
                "linkedServiceName": {
                    "referenceName": "AzureDatabricks",
                    "type": "LinkedServiceReference"
                }
            },
            {
                "name": "Dim_date",
                "type": "DatabricksNotebook",
                "dependsOn": [
                    {
                        "activity": "Dim_dealer",
                        "dependencyConditions": [
                            "Succeeded"
                        ]
                    }
                ],
                "policy": {
                    "timeout": "0.12:00:00",
                    "retry": 0,
                    "retryIntervalInSeconds": 30,
                    "secureOutput": false,
                    "secureInput": false
                },
                "userProperties": [],
                "typeProperties": {
                    "notebookPath": "/carsales_project/gold_dim_date"
                },
                "linkedServiceName": {
                    "referenceName": "AzureDatabricks",
                    "type": "LinkedServiceReference"
                }
            }
        ],
        "parameters": {
            "incremental_flag": {
                "type": "string",
                "defaultValue": "1"
            }
        },
        "annotations": [],
        "lastPublishTime": "2025-12-02T12:06:25Z"
    },
    "type": "Microsoft.DataFactory/factories/pipelines"
}