{
    "now": "2025-12-04T19:15:31.537Z",
    "perfNow": 9226548.900000006,
    "diagnosticCorrelation": "9a7a259b-b1c5-4bc2-bd3d-f074b54010fa",
    "source": "DownloadSupportFiles",
    "environment": {
        "productName": "adf",
        "buildVersion": "1.0.112525.8",
        "environmentType": 3,
        "resourceName": "MyDF-new",
        "resourceRegion": "westus2",
        "resourceGroup": "MyNewResourceGroup",
        "subscriptionId": "111da0df-ae72-477e-90ba-4c0005a576f9",
        "sessionId": "AKrOaORygKVhaArKu3HQti",
        "operationId": "",
        "gitType": "live",
        "loggingKey": "5d1f450e-1776-4607-a872-34e23a498de9"
    },
    "additionalInfo": {
        "selectedResource": "Copy_git_to_sql_pipeline",
        "selectedResourceType": "pipeline"
    }
}